"1","GE.22-11422(E)"
2,"Committee on the Protection of the Rights of All"
3,"Migrant Workers and Members of Their Families"
4,"General comment No. 5 (2021) on migrants’ rights to liberty"
5,"and freedom from arbitrary detention and their connection"
6,"with other human rights"
7,"I. Introduction"
8,"1. The Committee on the Protection of the Rights of All Migrant Workers and Members"
9,"of Their Families is deeply concerned about the trend towards the criminalization of"
10,"migration. The trend is visible in the increasingly frequent use of detention of migrants across"
11,"several regions of the world."
12,"2. The Committee has consistently made recommendations in its concluding"
13,"observations to States parties on issues affecting the rights of migrant workers and members"
14,"of their families who are deprived of their liberty. The present general comment is the result"
15,"of the Committee’s growing concern for the rights of migrant workers and members of their"
16,"families who are deprived of their liberty."
17,"3. In the context of international migration, immigration control measures implemented"
18,"by some States, such as automatic and mandatory detention, punishment during detention,"
19,"the detention of children with their families and on their own, including with unrelated adults,"
20,"the detention of pregnant women, victims of trafficking, asylum-seekers, refugees, stateless"
21,"persons and other migrants in vulnerable situations, the separation of families in the context"
22,"of detention and prolonged or indefinite detention, the barriers to access to legal remedies"
23,"and international protection and inhuman and overcrowded conditions in detention centres"
24,"may amount to violations of the rights of migrant workers and members of their families."
25,"4. States parties to the International Convention on the Protection of the Rights of All"
26,"Migrant Workers and Members of Their Families have an obligation not to criminalize"
27,"migration. The criminalization of migration has involved the manipulation of criminal law to"
28,"punish migrants or seek to prevent irregular migration in a manner that is overwhelmingly"
29,"disproportionate to, and inconsistent with, States’ obligations under the Convention and is"
30,"often based on political strategies seeking to deter irregular migration, rather than a"
31,"commitment to upholding the rights of migrants."
32,"5. Since the 1990s, there has been a significant increase in the use of immigration"
33,"detention. In many cases, it has become a mechanism for the mass arbitrary imprisonment of"
34,"migrant workers and members of their families. In recent years, the Committee has witnessed"
35,"with concern the increasing involvement and influence of private prison corporations in"
36,"immigration enforcement, alongside the expansion of the immigration detention system."
37,"Immigration detention has become an industry, with private prison contractors – and in some"
38,"cases States – reporting sizeable annual profits from detaining migrants and asylum-seekers,"
39,"including those awaiting a decision on their applications and migrants in the process of being"
40,"deported. The Committee notes with extreme concern that immigration detention"
41,"disproportionately affects poor migrants and people of colour, who at the same time have the"
42,"United Nations CMW/C/GC/5"
43,"International Convention on the"
44,"Protection of the Rights of"
45,"All Migrant Workers and"
46,"Members of Their Families"
47,"Distr.: General"
48,"21 July 2022"
49,"Original: EnglishCMW/C/GC/5"
50,"2"
51,"greatest difficulties in mounting their legal defence or obtaining legal assistance in"
52,"immigration, asylum and international protection procedures."
53,"6. Detention has numerous effects on the health and personal integrity of migrants."
54,"Detention aggravates existing health conditions and causes new ones to arise, including"
55,"anxiety, depression, post-traumatic stress disorder, suicidal ideation and in some cases"
56,"suicide, worsening migrants’ vulnerability and exclusion. Those negative effects are the"
57,"result of various factors, including the indeterminate duration of detention, the arbitrariness"
58,"and uncertainty surrounding it, family separation, overcrowding, lack of access to food, safe"
59,"water and medical care, prolonged detention in solitary confinement, lack of access to"
60,"nationality or of enjoyment of nationality rights and deliberate physical and psychological"
61,"abuse by State officials, private guards or other detainees. Such abuse may consist of torture"
62,"or other cruel, inhuman and degrading treatment and punishment, sexual violence,"
63,"disappearance, extortion and trafficking for the purpose of exploitation, which includes"
64,"exploitation of prostitution and other forms of sexual exploitation, forced labour and services,"
65,"slavery, practices similar to slavery, servitude and the removal of organs."
66,"7. Those factors have been aggravated in the context of the coronavirus disease (COVID-"
67,"19) pandemic, which has posed unprecedented challenges for States, migrant workers and"
68,"members of their families. The Committee is concerned that, in the context of immigration"
69,"detention, many of the detention facilities where migrants, asylum-seekers, refugees and"
70,"stateless persons are detained do not meet minimum sanitary requirements and have limited"
71,"or no access to health services. The Committee notes with concern that there is a high risk"
72,"that diseases such as COVID-19 are spreading among detainees. The situation has raised"
73,"questions about the need to release people deprived of liberty on the basis of their migration"
74,"status and to implement alternative measures to reduce the risk of spreading COVID-19 and"
75,"other diseases.1"
76,"8. The main objective of the present general comment is to provide guidance to States"
77,"on fulfilling their obligations under the Convention in relation to the rights of migrant"
78,"workers and members of their families to liberty and protection against arbitrary detention"
79,"and other human rights obligations arising from the intersection of those rights with other"
80,"human rights. The Committee also seeks to provide guidance to States on implementing the"
81,"Global Compact for Safe, Orderly and Regular Migration and to other stakeholders on"
82,"implementing initiatives to promote and protect human rights and to monitor compliance"
83,"with human rights obligations."
84,"II. Regulatory framework on protection of the right to liberty of"
85,"migrant workers and members of their families"
86,"A. Right to liberty and security of person in the Convention"
87,"9. The right to liberty applies to all forms of detention and must be guaranteed to all"
88,"persons, without discrimination, including all migrant workers, regardless of their migration"
89,"status. Article 16 of the Convention provides for the protection of the right to liberty and"
90,"security of person of all migrant workers and members of their families, while establishing"
91,"other related rights and guarantees, including the right to effective protection by the State"
92,"against violence committed by public officials or private individuals, groups or institutions,"
93,"the assurance of lawfulness and non-arbitrariness of identity verification procedures, the"
94,"prohibition of arbitrary and unlawful arrest and detention and the guarantee of a number of"
95,"specific procedural safeguards in the event of administrative or criminal detention, including"
96,"the rights to consular assistance, to access to judicial remedies to challenge the legality of"
97,"detention and to compensation in the event of unlawful arrest or detention."
98,"10. Article 17 of the Convention recognizes the right of all migrant workers and members"
99,"of their families who have been deprived of their liberty to be treated with humanity and with"
100,"1 Committee and the Special Rapporteur on the human rights of migrants,"
101,"“Guidance note on the"
102,"impact of the COVID-19 pandemic on the human rights of migrants”, 26 May 2020.CMW/C/GC/5"
103,"3"
104,"respect for the inherent dignity of the human person and for their cultural identity. States"
105,"parties should therefore guarantee adequate conditions in detention centres, taking into"
106,"consideration the individual circumstances and necessities of each detainee and ensuring that"
107,"conditions of detention adhere to all relevant international standards and do not amount to"
108,"torture or ill-treatment. In addition to those rights, other interrelated rights include the"
109,"prohibition of torture and cruel, inhuman or degrading treatment or punishment (article 10),"
110,"due process guarantees (article 18), the principles of legality and humanitarian considerations"
111,"related to the status of the individual (article 19) and the prohibition of imprisonment merely"
112,"on the grounds of failure to fulfil a contractual obligation (article 20)."
113,"B. Other international and regional legal instruments"
114,"11. The right to liberty and security of person is recognized in the main international and"
115,"regional human rights instruments, including article 3 of the Universal Declaration of Human"
116,"Rights, article 9 of the International Covenant on Civil and Political Rights, article 37 (b)–(d)"
117,"of the Convention on the Rights of the Child, article 14 of the Convention on the Rights of"
118,"Persons with Disabilities, article 6 of the African Charter on Human and Peoples’ Rights,"
119,"article 7 of the American Convention on Human Rights, article 5 of the Convention for the"
120,"Protection of Human Rights and Fundamental Freedoms, article 14 of the Arab Charter on"
121,"Human Rights and article 12 of the Association of Southeast Asian Nations Human Rights"
122,"Declaration."
123,"C. Definition of deprivation of liberty"
124,"12. Migrant workers and members of their families face various challenges to their right"
125,"to liberty and security of person, one of which is the deprivation of liberty as a result of"
126,"having violated immigration laws in the State of transit or destination or for purposes such"
127,"as screening, identification, registration, reception, immigration procedures, implementation"
128,"of a return decision or the protection and alternative care of children. States have adopted"
129,"different terminology for regulating immigration detention in both administrative and"
130,"criminal law. The Committee notes with concern that countries use such terms to refer to"
131,"deprivation of liberty for immigration reasons or immigration detention as “filing and"
132,"accommodation”"
133,","
134,"“processing”"
135,","
136,"“reception”"
137,","
138,"“retention” and “placement”. The term"
139,"“detention” is rarely used, and its renaming is usually intended to prevent those measures"
140,"from receiving scrutiny, thereby avoiding procedural safeguards that should be applied before"
141,"and during any deprivation of liberty."
142,"13. The Committee therefore considers it necessary to clarify the concept of deprivation"
143,"of liberty. Article 4 (2) of the Optional Protocol to the Convention against Torture and Other"
144,"Cruel, Inhuman or Degrading Treatment or Punishment defines deprivation of liberty as any"
145,"form of detention or imprisonment or the placement of a person in a public or private"
146,"custodial setting which that person is not permitted to leave at will by order of any judicial,"
147,"administrative or other authority. Such deprivation of liberty begins at the time of arrest and"
148,"extends until the person is released. Irrespective of how that measure is defined in the national"
149,"policy, law or practice, or the reasons giving rise to it, if the measure results in a deprivation"
150,"of liberty in which migrants or members of their families are unable to leave the place of"
151,"detention at will, the Committee understands the measure to be a form of detention to which"
152,"articles 16 and 17 of the International Convention on the Protection of the Rights of All"
153,"Migrant Workers and Members of Their Families apply."
154,"14. In addition, the Committee considers that detention for “reasons related to migration"
155,"status” or “immigration detention” refers to any situation in which a person is deprived of"
156,"liberty on grounds related to that person’s migration status, regardless of the name or reason"
157,"given for carrying out the deprivation of liberty, or the name of the facility or place where"
158,"the person is being held while deprived of liberty. Accordingly, immigration detention"
159,"includes the detention of migrants in prisons, police stations, immigration detention centres,"
160,"closed reception facilities, health-care facilities and any other enclosed spaces, such as"
161,"international or transit areas at air, land and maritime ports. “Reasons related to migrationCMW/C/GC/5"
162,"4"
163,"status” is understood by the Committee to be a person’s migratory or residence status, or lack"
164,"thereof, relating to irregular entry, stay or exit.2"
165,"D. Types of deprivation of liberty to which migrant workers and members"
166,"of their families might be exposed"
167,"15. The grounds for deprivation of liberty of migrant workers and members of their"
168,"families are diverse, and the type of deprivation of liberty imposed will depend thereon,"
169,"including criminal detention in prisons, immigration detention, involuntary"
170,"institutionalization and confinement in restricted areas of air, land and maritime ports. The"
171,"present general comment, however, is focused solely on the relevant reasons for deprivation"
172,"of liberty related to an immigration situation and whether or not detention is a result of the"
173,"migrant’s irregular entry or stay in the State of destination, transit or return."
174,"E. Prohibition of arbitrary detention"
175,"16. The prohibition of arbitrary detention is absolute; it is a non-derogable rule of"
176,"customary international law, or a jus cogens norm. The prohibition of arbitrary deprivation"
177,"of liberty also protects migrants, in accordance with article 16 (4) of the Convention. Any"
178,"use of detention in the context of migration must therefore be based on a legitimate State"
179,"objective, provided for in national law, employed always as an exceptional measure of last"
180,"resort compatible with the criteria of necessity and proportionality, limited in scope and"
181,"duration, imposed only where less restrictive alternatives have been considered and found"
182,"inadequate to meet legitimate purposes, and subject to periodic re-evaluation and judicial"
183,"review. In addition, the conditions of detention must be proportionate to the legitimate aim"
184,"sought and must always meet minimum international standards. The arbitrariness test is"
185,"illustrated in the figure below."
186,"Arbitrariness test"
187,"2 Joint general comment No. 4 of the Committee/No. 23 of the Committee on the Rights of the Child"
188,"(2017) on State obligations regarding the human rights of children in the context of international"
189,"migration in countries of origin, transit, destination and return, para. 6."
190,"legitimate"
191,"objective"
192,"legality"
193,"necessity"
194,"proportionalityCMW/C/GC/5"
195,"5"
196,"1. Detention as an exceptional measure of last resort"
197,"17. The Committee considers immigration detention to be an undesirable measure. There"
198,"should always be a presumption in law against detention and therefore in favour of freedom."
199,"Deprivation of liberty in the immigration context therefore should be an exceptional measure"
200,"of last resort. The relevant authorities must carry out a context-specific and individualized"
201,"assessment of the situation, in which relevant factors must be considered on a case-by-case"
202,"basis, not on the basis of a mandatory rule for a broad category, and ensure that the period of"
203,"detention is as short as possible. Any compulsory, automatic, systematic or widespread"
204,"detention of migrant workers and members of their families is arbitrary. In addition, the"
205,"Committee considers that the prohibition of arbitrary detention also extends to the use of"
206,"detention as a deterrent or as a general migration management tool to contain immigration."
207,"18. In a context such as the COVID-19 pandemic, the Committee urges States to review"
208,"the cases of migrants in immigration detention with a view to releasing them. In cases where"
209,"legitimate immigration policy goals, such as deportation or removal, remain viable despite"
210,"COVID-19 mitigation-related border closures and other emergency measures, States should"
211,"expand the use of alternatives to detention so that the detainee population is reduced to the"
212,"lowest possible level to prevent the spread of the virus in detention facilities. However, if"
213,"emergency measures nullify the objective of an individual’s detention order, States must"
214,"promptly release the person into the community, providing any necessary care and assistance"
215,"to ensure their well-being outside detention."
216,"2. Non-arbitrariness"
217,"19. The principle of non-arbitrariness of detention is a rule of jus cogens. The Convention"
218,"prohibits arbitrary detention, understanding arbitrary detention to be any deprivation of"
219,"liberty that exceeds the limits of reasonableness. It is not sufficient for the detention to pursue"
220,"a legitimate purpose and be permitted by law, rather, it must meet the criteria of necessity"
221,"and proportionality, be based on an individualized assessment and be periodically reassessed"
222,"to ensure that it continues to meet those criteria."
223,"(a) Legitimate objective"
224,"20. Any deprivation of liberty in a migration context must be based on a legitimate"
225,"objective of the State. Although the Convention does not list the legitimate purposes that"
226,"make immigration detention permissible, immigration detention can be justified only if there"
227,"is a risk that the migrant will evade immigration proceedings or to guarantee the"
228,"implementation of a deportation order. The threat posed in those two scenarios must be"
229,"substantiated by proven facts and be based on an individualized assessment."
230,"21. The Committee has noted previously3 that the mere fact of entering or remaining in an"
231,"irregular situation in a State is not sufficient reason to mandate the immigration detention of"
232,"migrant workers and members of their families, because that exceeds the legitimate purpose"
233,"or interest of States to control and regulate migration. The Committee agrees with the view"
234,"of the Special Rapporteur on torture and other cruel, inhuman or degrading treatment or"
235,"punishment, that detention based solely on migration status, as such, can even amount to"
236,"torture, in particular where it is intentionally imposed or perpetuated for such purposes as"
237,"deterring, intimidating or punishing migrants in irregular situations, coercing them into"
238,"withdrawing their requests for asylum, subsidiary protection or other stay, agreeing to"
239,"voluntary repatriation or providing information or fingerprints, or with a view to extorting"
240,"money or sexual acts or for reasons based on discrimination of any kind, including"
241,"discrimination based on migration status.4"
242,"3 Joint general comments No. 3 and No. 4 of the Committee/No. 22 and No. 23 of the Committee on"
243,"the Rights of the Child (2017) on the human rights of children in the context of international"
244,"migration."
245,"4 A/HRC/37/50, para. 28.CMW/C/GC/5"
246,"6"
247,"(b) Legality"
248,"22. It is an obligation recognized by States that their acts must comply with national legal"
249,"rules. Immigration detention can be legal only when it is previously authorized, and clearly"
250,"and exhaustively provided for, by law and is in line with the procedures established by law."
251,"It is prohibited for the law to leave ample discretion to the authorities in the decision and"
252,"enforcement of immigration detention."
253,"23. To guarantee the right to liberty, States should establish in their laws a presumption"
254,"in favour of freedom, which is consistent with the right to liberty, the principle that"
255,"immigration detention should be an exceptional measure of last resort and the duty of States"
256,"to assess whether any less coercive measures are available before resorting to detention in"
257,"immigration procedures involving migrant workers and members of their families."
258,"(c) Necessity"
259,"24. In application of the principle of necessity, immigration detention can be used only"
260,"where it is strictly essential to achieve the established legitimate end. Before imposing"
261,"deprivation of liberty on migrant workers and members of their families, the decision-making"
262,"authority must start from the fact that deprivation of liberty will always be the most harmful"
263,"measure for the person concerned. Therefore, it must evaluate and apply all available"
264,"alternatives to detention, such as non-custodial measures or less coercive measures, that are"
265,"less harmful to the individual."
266,"(d) Proportionality"
267,"25. The proportionality test should take into consideration the potential effects of"
268,"detention on the physical and mental health of the migrant. The State has a heightened duty"
269,"of care to provide effective protection to migrants in vulnerable situations.5 If deprivation of"
270,"liberty meets the requirements of having a legitimate objective, legality, necessity and"
271,"proportionality, it is the duty of the authorities to carry out an assessment by contrasting the"
272,"gravity of the measure implemented with the importance of satisfying the established"
273,"legitimate purpose."
274,"III. General measures for the implementation of the provisions of"
275,"the Convention concerning protection of the right to liberty"
276,"A. Jurisdiction"
277,"26. States parties have an obligation to respect and guarantee the rights enshrined in the"
278,"Convention to all migrant workers and members of their families within their territory or"
279,"subject to their jurisdiction, pursuant to article 7. With regard to the right to liberty, the"
280,"responsibility of States parties encompasses not only human rights violations against"
281,"migrants in places of detention under their jurisdiction and within their territory, but extends"
282,"to places of detention outside their territory, if the State has effective de jure or de facto"
283,"control over that territory."
284,"27. That implies that, through the design, financing, administration or supply of places of"
285,"detention abroad, State authorities can participate in acts that violate human rights. Similarly,"
286,"if a State party decides to move migrant workers to detention centres outside its territory, the"
287,"State is obliged to ensure that the rights recognized in the Convention and other international"
288,"and regional human rights instruments are respected and guaranteed in those centres."
289,"28. If migrant workers seek asylum in a State and are then transferred to places of"
290,"detention outside the State’s territory, the Committee considers that their cases should"
291,"generally be processed in the territory of the State where they arrived, or the State that"
292,"otherwise has jurisdiction over them. Nevertheless, if States reach agreements to transfer"
293,"5 See also Working Group on Arbitrary Detention, revised deliberation No. 5 (A/HRC/39/45, annex),"
294,"para. 24.CMW/C/GC/5"
295,"7"
296,"asylum-seekers for the processing of their cases, they should take into account when signing"
297,"such agreements that States cannot dismiss their obligations under international human rights"
298,"law, international refugee law and international criminal law."
299,"B. Personnel carrying out detentions"
300,"29. The Committee notes that some States resort to private personnel or private security"
301,"companies to guard migrant workers and members of their families who are deprived of their"
302,"liberty. The Committee recalls that States have an increased duty of care for persons deprived"
303,"of their liberty and should act with due diligence to avoid violations of the personal integrity"
304,"of such persons. It agrees with the views of the Working Group on Arbitrary Detention and"
305,"the Working Group on the use of mercenaries as a means of violating human rights and"
306,"impeding the exercise of the right of peoples to self-determination, that, if a State"
307,"subcontracts the management, safety or security of immigration detention centres to private"
308,"enterprises, it remains responsible for the manner and conditions in which the subcontractors"
309,"hold individuals in detention. Because the State has an obligation to care for detainees, it has"
310,"an obligation to actively prevent acts of torture and ill-treatment by its agents and to act with"
311,"due diligence to prevent abuse by private agents in particular."
312,"30. In principle, security personnel in detention facilities must be from the public sector."
313,"However, States parties may use private security services provided that a correct monitoring"
314,"scheme is put in place and that the private security service personnel receive adequate training"
315,"on human rights norms and standards for the treatment of detainees, in accordance with"
316,"international instruments on persons deprived of liberty. States must take appropriate steps"
317,"to prevent, investigate, punish and redress human rights violations committed by all"
318,"personnel. Specific mechanisms should be established to ensure their accountability and"
319,"guarantee that migrants who are victims of human rights violations have access to judicial"
320,"remedy. In addition, the actions of private security personnel must be governed in a"
321,"coordinated manner with public personnel in detention centres."
322,"C. Legal obligation of States parties to take measures to implement the"
323,"provisions of the Convention"
324,"31. Article 84 of the Convention establishes the obligation of States parties to adopt the"
325,"legislative and other measures necessary to implement the provisions of the Convention. For"
326,"the standards and guidelines set out in the present general comment to be effectively"
327,"implemented, it is necessary for States to develop and strengthen their human rights capacity."
328,"That includes allocating sufficient resources for the implementation of alternatives to"
329,"detention, such as non-custodial measures or less coercive measures, ensuring that, in"
330,"exceptional cases where deprivation of liberty is permitted, detention centres have the"
331,"equipment and conditions and supervising security personnel, whether public or private,"
332,"necessary to carry out such a measure and provide adequate training on international human"
333,"rights law and the specific rights of groups in vulnerable situations, including training in the"
334,"identification of victims of trafficking, stateless persons, unaccompanied children, older"
335,"persons and pregnant women, for all officials who have contact with migrants."
336,"IV. Fundamental principles of the Convention regarding"
337,"the right to liberty of migrant workers and members of"
338,"their families"
339,"A. Principle of non-discrimination"
340,"32. The principle of non-discrimination is fundamental in international human rights"
341,"instruments, being regarded as a jus cogens norm. Article 7 of the Convention underpins all"
342,"of its provisions, establishing a duty for States parties to respect and ensure the rightsCMW/C/GC/5"
343,"8"
344,"provided for in the Convention to all migrant workers and members of their families within"
345,"their territory or subject to their jurisdiction, without discrimination."
346,"33. States are not only obliged to ensure that their legal provisions and practices are not"
347,"discriminatory against migrant workers and members of their families, but must also put in"
348,"place the positive measures necessary to prevent, reduce and eliminate the conditions and"
349,"attitudes that perpetuate or cause de facto or de jure discrimination against migrant workers"
350,"and members of their families."
351,"34. The Committee recognizes that States enjoy the sovereign power to establish their"
352,"immigration policies and laws. In doing so, they must nonetheless ensure full respect for their"
353,"international human rights obligations, in particular respect for the human dignity of migrant"
354,"workers and members of their families, and the principle of non-discrimination. The"
355,"Committee calls upon States to adopt a human rights-based approach to migration and to"
356,"review their legislation, policies and practices on the detention of migrants, ensuring that"
357,"national laws are harmonized with international human rights norms that prohibit arbitrary"
358,"detention and inhuman treatment."
359,"B. Principle of non-criminalization of migration"
360,"35. The Committee reiterates that irregular entry, stay or exit may constitute at most"
361,"administrative offences and should never be considered criminal offences, given that they do"
362,"not infringe fundamental legally protected values, and as such are not crimes per se against"
363,"persons, property or national security. Accordingly, migrants should never be classified or"
364,"treated as criminals on the basis of their irregular migration status.6 The Committee opposes"
365,"the treatment of migration by States framing it as a threat to local communities and the"
366,"consequent adoption of national laws, policies or practices designating migrants as"
367,"“dangerous” or “harmful” persons, or even “criminals”. Such practices only aggravate"
368,"migrants’ vulnerability and make them more likely to become victims of discrimination,"
369,"xenophobia, violence, trafficking and other human rights violations. The Committee notes"
370,"with concern that one of the consequences of the criminalization of migration is the"
371,"increasing association, both in legal documents and in public opinion, of migrants in an"
372,"irregular situation with criminals."
373,"36. The most obvious manifestation of such treatment is the regulation of migration"
374,"within criminal law and the consequent criminalization of irregular entry or stay of migrant"
375,"workers and members of their families. Migration irregularity is not the result of a decision"
376,"of the migrant, but of restrictive policies of the State that prevent the exercise of the right to"
377,"freedom of movement. Criminalizing irregular entry into a country exceeds the legitimate"
378,"interest of States to control and regulate irregular migration and leads to unnecessary"
379,"detention. States should refrain from using armed forces or any similar security forces to"
380,"detain migrants as a means of implementing immigration policy."
381,"37. Other examples of sanctioning migration include encouraging local populations to"
382,"inform authorities about the migration status of migrant workers and members of their"
383,"families and imposing on service providers and other relevant individuals the obligation to"
384,"provide information and exchange data when migrant workers and members of their families"
385,"attend schools, health centres or workplaces. Such obligations produce the same negative and"
386,"often disproportionate effects on the human rights of migrants who are in an irregular"
387,"situation, as does the direct criminalization of migration. The Committee notes that the"
388,"indiscriminate use of immigration detention as a mechanism to deter migration or to combat"
389,"irregular migration is ineffective at achieving those ends. It is economically more onerous"
390,"than the regular migration pathway and is in violation of multiple rights of migrants."
391,"C. Principle of exceptionality of immigration detention"
392,"38. Immigration policy should be based on a presumption of freedom, and not of detention."
393,"Although the right to liberty is not unlimited, the Committee reiterates that, since any"
394,"6 See also Working Group on Arbitrary Detention, revised deliberation No. 5, para. 10.CMW/C/GC/5"
395,"9"
396,"deprivation of liberty is highly burdensome and restrictive of the human rights of individuals,"
397,"detention or any other form of deprivation of liberty on grounds relating to an individual’s"
398,"migration status must be governed by the principle of exceptionality, that is, deprivation of"
399,"liberty should serve as the last possible measure only, once all the less harmful alternatives"
400,"have been considered and ruled out."
401,"D. Principle of non-detention of migrant children"
402,"39. Several international and regional bodies and special procedure mandate holders have"
403,"argued that the detention of children on grounds related to their migration status, or that of"
404,"their parents, is not governed by the principle of exceptionality. The Committee reiterates, as"
405,"established in joint general comment No. 4 of the Committee on the Protection of the Rights"
406,"of All Migrant Workers and Members of Their Families/No. 23 of the Committee on the"
407,"Rights of the Child (2017) on State obligations regarding the human rights of children in the"
408,"context of international migration in countries of origin, transit, destination and return, that,"
409,"as a general principle, migrant children, whether accompanied by their families,"
410,"unaccompanied or separated from their families, should never be detained and should not be"
411,"deprived of liberty for migration-related reasons. The detention of children is therefore"
412,"always prohibited under international human rights law, because it is unnecessary and"
413,"disproportionate. It constitutes a violation of a child’s rights and contravenes the principle of"
414,"non-discrimination, the best interests of the child, the rights to life, survival, development"
415,"and participation, as well as every child’s rights to liberty and security of person and family"
416,"life."
417,"40. The Committee takes note of the global study on children deprived of liberty.7 The"
418,"Independent Expert leading the study indicated that, around the world, at least 330,000"
419,"children were deprived of their liberty for migration-related reasons every year, by at least"
420,"77 States, while at least 21 States did not resort to such measures or claimed not to do so."
421,"Detention puts children at increased risk of developing physical and mental health issues and"
422,"of becoming victims of abuse. Children in detention, in particular unaccompanied children"
423,"and children separated from their families, are also at risk of being subjected to other forms"
424,"of harm, such as sexual and gender-based violence, trafficking, neglect, abuse and"
425,"exploitation."
426,"41. The Committee considers that even a short period of detention is a violation of a"
427,"child’s rights and can constitute cruel, inhuman or degrading treatment. States must therefore"
428,"seek the eradication of deprivation of liberty of children for reasons related to migration status."
429,"Any kind of immigration detention of children should be forbidden by law, and such a"
430,"prohibition should be fully implemented in practice.8"
431,"42. It is not permissible for children to be deprived of their liberty in detention centres"
432,"with their parents under the pretext of preserving family unity in detention. States should take"
433,"measures to ensure the freedom of the family group. The child’s best interests require keeping"
434,"the family together, unless there is a danger posed to the child by staying with his or her"
435,"parents or caretakers, and the imperative requirement not to deprive the child of liberty"
436,"extends to the child’s family and to implementing measures for the care and reception of the"
437,"child and his or her family."
438,"43. States must always ensure that the places intended for the care and protection of such"
439,"children do not in reality result in material deprivation of liberty, especially those places that"
440,"are not formally detention centres, but fit the above definition of deprivation of liberty."
441,"Unaccompanied migrant children should be surrendered to the care of their family members"
442,"or adequately trained social workers. Children born within a detention situation should be"
443,"provided with the nationality of the detaining State."
444,"44. In order to ensure that migrant or asylum-seeking children are not placed in"
445,"immigration detention or in closed alternative care facilities for children, child protection and"
446,"7 A/74/136."
447,"8 Joint general comment No. 4 of the Committee/No. 23 of the Committee on the Rights of the Child"
448,"(2017), para. 5.CMW/C/GC/5"
449,"10"
450,"welfare actors should take primary responsibility for children in the context of international"
451,"migration. When a migrant child is first detected by immigration authorities, child protection"
452,"or welfare officials should immediately be informed and be responsible for screening the"
453,"child for protection, shelter and other needs."
454,"E. Principle of non-detention of persons in vulnerable situations"
455,"45. In the case of migrant workers and members of their families who are in vulnerable"
456,"situations, States’ duty of due diligence to effectively protect is greater than in other cases;"
457,"they should, in particular, take reasonable measures to prevent the deprivation of liberty of"
458,"those persons.9 States should avoid detaining migrants who have specific needs or who are"
459,"particularly at risk of exploitation, abuse, gender-based violence, including sexual violence,"
460,"or other human rights violations in the context of detention. That includes pregnant and"
461,"breastfeeding women, older persons, persons with disabilities, survivors of torture or trauma,"
462,"persons who are victims of crimes such as trafficking, migrants with special physical or"
463,"mental health needs, lesbian, gay, bisexual, transgender and intersex persons, refugees,"
464,"asylum-seekers and stateless persons. Statelessness determination procedures are essential,"
465,"given that the lack of a country of nationality to be returned to leaves stateless persons at"
466,"higher risk of arbitrary and indefinite detention. The Committee agrees with the Special"
467,"Rapporteur on torture and other cruel, inhuman or degrading treatment or punishment that"
468,"the threshold for ill-treatment can be reached very quickly, if not immediately, for the"
469,"detention of migrants in vulnerable situations.10"
470,"V. Legal obligations of States parties to the Convention to"
471,"protect the right to liberty of migrant workers and members"
472,"of their families"
473,"A. Obligation to consider alternatives to detention in each individual case"
474,"before imposing detention"
475,"46. The Committee considers that States should take measures to abolish immigration"
476,"detention. It emphasizes that, through the Global Compact for Safe, Orderly and Regular"
477,"Migration, States committed to prioritizing non-custodial alternatives, in accordance with"
478,"international law, and to taking a human rights-based approach to any detention of migrants,"
479,"using detention as a measure of last resort only. The Committee considers that States have an"
480,"obligation to review and implement all available alternative measures before resorting to"
481,"detention, in accordance with the principles of necessity and proportionality."
482,"47. The Committee notes that, while terms such as “alternative measures to detention”"
483,","
484,"“non-custodial measures”"
485,","
486,"“less restrictive measures”"
487,","
488,"“less onerous measures” and “less"
489,"invasive measures” are often used interchangeably in different contexts, they fundamentally"
490,"address the same legal concept. The Committee interprets alternatives to detention as being"
491,"all community-based care measures or non-custodial accommodation solutions – in law,"
492,"policy or practice – that are less restrictive than detention, and which must be considered in"
493,"the context of lawful detention decision procedures to ensure that detention is necessary and"
494,"proportionate in all cases, with the aim of respecting the human rights and avoiding the"
495,"arbitrary detention of migrants, asylum-seekers, refugees and stateless persons. Alternatives"
496,"to detention must respect the right to personal freedom and therefore not create onerous"
497,"restrictions or conditions, but rather generate other legitimate mechanisms and measures that"
498,"are in line with human rights standards. In cases where detention no longer has a legal basis,"
499,"for example, when deportation, expulsion or removal is no longer a viable objective,"
500,"alternatives to detention are no longer applicable."
501,"9 See OHCHR and Global Migration Group, “Principles and guidelines, supported by practical"
502,"guidance, on the human rights protection of migrants in vulnerable situations”"
503,"."
504,"10 A/HRC/37/50, para. 19.CMW/C/GC/5"
505,"11"
506,"48. However, the Committee notes that many of the alternative measures employed by"
507,"States appear to emulate measures from the field of criminal justice, such as bail, home-based"
508,"detention or other restrictions on movement, such as electronic surveillance or periodic"
509,"reporting to the authorities. Those measures are often excessively restrictive and are not"
510,"appropriate in the context of migration. In some cases, they can exacerbate the stigmatization"
511,"of migrants, unnecessarily interfere with their personal freedom and generate excessively"
512,"onerous requirements, and may even amount to de facto detention."
513,"49. The Committee wishes to highlight that alternatives to detention are intended to be"
514,"more humane, to have less harmful physical and psychological effects on individuals, in"
515,"particular individuals in vulnerable situations, and to be designed to protect people’s health,"
516,"well-being and human rights. Evidence suggests that, when properly implemented, such"
517,"measures can be more effective than detention in assisting people to cope better with"
518,"immigration procedures, including when migrants’ cases are rejected and they are asked to"
519,"return voluntarily and independently. Alternative measures to detention can also be"
520,"significantly less costly than detention, given their lower operating costs. The Committee"
521,"considers that, owing to the risk of the spread of COVID-19 and other diseases, there is an"
522,"even greater need for States to improve the systematic consideration of alternative measures"
523,"to immigration detention before imposing custodial measures."
524,"50. The Committee recommends that States emphasize community-based non-custodial"
525,"measures that include case management and other forms of support, are adapted to the"
526,"specific needs and vulnerabilities of each person or family and allow people to live freely"
527,"within communities. Legal assistance, psychosocial support and the protection of the rights"
528,"to education, housing and health care for migrant workers and members of their families must"
529,"be guaranteed. If such alternatives to imposing restrictions on the rights of migrants are used,"
530,"the safeguards surrounding them should be as stringent as those applied to detention"
531,"situations. Such safeguards include ensuring that the alternative measure is established by"
532,"law, limited in duration, not discriminatory in its purpose and effect, not arbitrary and subject"
533,"to procedural safeguards, including regular judicial review and independent supervision, and"
534,"that they protect the rights and dignity of the individual. Officials should review the effects"
535,"of such alternative measures on the rights of migrants and verify that no unnecessary"
536,"restrictions are imposed on migrants, in order to identify the least invasive alternative"
537,"measures to detention."
538,"B. Duration of detention"
539,"51. Detention should never be excessive or indefinite during the course of immigration"
540,"proceedings, because it would then become arbitrary. States should therefore establish in"
541,"their legislation the maximum period of detention allowable during the course of immigration"
542,"proceedings. Moreover, detention should be permitted only for the shortest possible period"
543,"of time, and it should also be under frequent review to assess whether it remains necessary"
544,"and is still the only option. Once the period of detention established by law has elapsed, the"
545,"detainee must automatically be released. Released persons should be provided with a"
546,"document protecting them against renewed detention. Renewed detention is in contravention"
547,"of the legally defined maximum detention period."
548,"52. If there are obstacles to identifying migrants who are in an irregular situation or"
549,"deporting them from the territory, or if the return is not legally possible due to the application"
550,"of the principle of non-refoulement or other international or domestic obligations, thereby"
551,"making deportation or expulsion impossible, the detained person must be immediately"
552,"released in order to avoid indefinite detention, which would be arbitrary. Similarly, the"
553,"exercise of rights by migrants deprived of their liberty cannot be grounds for prolonging"
554,"detention. Any deprivation of liberty implemented on the grounds that detainees are"
555,"exercising their rights to access to justice or due process guarantees, or to apply for asylum"
556,"or international protection, would therefore be arbitrary. Detaining stateless persons when"
557,"there is no real prospect of removal would thereby render the detention arbitrary, and the"
558,"detained stateless person must therefore be immediately released.CMW/C/GC/5"
559,"12"
560,"C. Right to access to justice"
561,"53. The Committee reiterates that the right of access to justice is of a dual nature. On the"
562,"one hand, it constitutes a human right in itself, inherent in all persons, and on the other hand,"
563,"it is a principle and precondition that imposes obligations on States to ensure that all persons"
564,"can stand before the law to claim their rights. The Convention recognizes that respect for the"
565,"rule of law, due process and access to justice are fundamental to all aspects of migration"
566,"governance. That implies that States must guarantee that all persons within their territory or"
567,"subject to their jurisdiction, regardless of their nationality or migration status, have access to"
568,"justice."
569,"54. The Committee recalls that migrants may face multiple obstacles to access to justice,"
570,"such as language barriers, lack of information or knowledge about applicable laws, absence"
571,"of support networks, lack of firewalls to protect personal information and data and fear of"
572,"being detected by the authorities or of being detained or deported if they seek access to justice."
573,"Therefore, in order to ensure that migrants enjoy the right of access to justice and due process"
574,"on an equal footing with others, States should adopt procedural or compensatory measures"
575,"that help to reduce or eliminate obstacles and shortcomings that prevent or hinder the"
576,"effective defence of migrants’ interests. The Committee recommends that States parties take"
577,"all measures necessary to ensure that migrant workers and members of their families who are"
578,"deprived of their liberty have access to justice in transit and destination States and to"
579,"information on their rights as migrants before, during and after their entry and stay in transit"
580,"and destination countries, in a language and format that they understand, regardless of"
581,"whether they are still present in those countries."
582,"55. In order to guarantee access to justice for all migrant workers and members of their"
583,"families, the Committee urges States parties to intensify efforts to ensure that migrant"
584,"workers are aware of their rights before travelling and to facilitate their access to legal"
585,"recourse and redress for any violations of their rights that occur while in transit and upon"
586,"arrival in destination countries. Even after their return to their country of origin or to a third"
587,"State, those guarantees should always be upheld for migrant workers and members of their"
588,"families through consular services and judicial cooperation. The Committee highlights that"
589,"the reparation of the harm caused to a migrant by the violation of a human right requires"
590,"comprehensive reparation. The State should implement measures to ensure the enjoyment of"
591,"the rights that have been violated and to redress the consequences of those violations. In"
592,"doing so, the State should implement different measures of reparation in order to redress the"
593,"harm integrally, such as restitution, compensation, rehabilitation, satisfaction and guarantees"
594,"of non-repetition."
595,"D. Judicial guarantees"
596,"56. The Committee is acutely aware that migrant workers and members of their families"
597,"are often severely impeded in gaining access to national courts and to monitoring and"
598,"complaint mechanisms, owing to a lack of adequate safeguards during their detention."
599,"Barriers include lack of legal representation and legal aid services, lack of child-friendly"
600,"processes and safeguards, insufficient consular protection, limited availability of interpreters"
601,"and translators or other accessible formats or methods of receiving information and"
602,"communicating, lack of effective remedies to challenge the legality of detention and lack of"
603,"specific rules on the obligations of the courts to apply sanctions or award compensation for"
604,"violations of the human rights of migrants."
605,"57. The Committee recalls that, under the Convention, States parties must ensure that laws,"
606,"policies and practices are in full respect of procedural safeguards for migrant workers and"
607,"members of their families in all administrative and judicial proceedings relating to their"
608,"immigration or international protection status. That includes asylum or determination"
609,"procedures for refugee status, all forms of additional protection, statelessness determination"
610,"procedures and other special protection regimes and policies that may apply to them.CMW/C/GC/5"
611,"13"
612,"58. The due process guarantees detailed below should be ensured by States parties, to"
613,"respect access to justice for migrant workers and members of their families who are in"
614,"detention."
615,"1. Right to be informed of the reasons for detention"
616,"59. The right to information is essential for the exercise of other rights, such as access to"
617,"justice. The authorities responsible for the detention must inform the migrant worker about"
618,"the reasons for detention immediately preceding, or at the latest at the commencement of, the"
619,"detention. Such notification should be given in a language and format that the person"
620,"understands, taking into consideration factors such as age, ethnic and cultural background,"
621,"disability and educational level."
622,"60. The Committee reiterates that States parties should prepare model notification forms"
623,"containing information, including in accessible formats, on, inter alia, resources available in"
624,"the languages, means or methods of communication most frequently used or understood by"
625,"migrant workers who are in an irregular situation in the countries concerned. Migrants should"
626,"be given adequate time and support to read or access them and should also be given copies."
627,"The forms should always accompany a detention order containing specific information on"
628,"the facts of and the legal basis for the detention, the place of detention and information on,"
629,"and an explanation of, migrants’ rights and how to claim those rights."
630,"2. Judicial review of detention"
631,"61. The Committee reaffirms that all migrant workers and members of their families who"
632,"are deprived of their liberty have the right to bring proceedings before a court so that the"
633,"court can rule without delay on the lawfulness or arbitrariness, including the legitimate"
634,"objective, legality, necessity and proportionality of their detention. That guarantee seeks to"
635,"prevent deprivation of liberty from becoming arbitrary detention. If migrant workers and"
636,"members of their families are detained within the criminal law context, they must be brought"
637,"promptly before a judge or court to assess the legality and non-arbitrariness of their detention."
638,"The authority assessing the lawfulness of detention must be independent from the entity that"
639,"ordered or carried out the detention, in order to prevent the assessment from becoming a mere"
640,"formality that prevents an impartial analysis. The assessment must also be carried out by an"
641,"official authorized by law to exercise judicial functions and with the power to order the"
642,"release of the migrant worker."
643,"62. In the light of the effects that the deprivation of liberty have on the human rights of"
644,"migrants, the Committee considers that, as a general rule, the procedure and the decision"
645,"ordering the detention of a migrant must be carried out and dictated by a judge or court. In"
646,"addition, States must guarantee migrants their right to appeal before a higher court. That right"
647,"should be guaranteed at the moment of deprivation of liberty, as well as periodically"
648,"throughout the duration of the detention. The necessity for the continuation of any detention"
649,"should be automatically reviewed at reasonable intervals by a court. The scope of judicial"
650,"review should not be confined to a formal assessment of the individual’s migration status; it"
651,"requires an individual assessment of the elements pertaining to the arbitrariness of the"
652,"measure. The Committee stresses that legal remedies must be in place to allow migrant"
653,"workers and members of their families to challenge the arbitrariness of detention or the"
654,"legality of a deportation or expulsion order. States must ensure that judicial remedies include"
655,"the power to suspend any detention, deportation or expulsion decision in order to effectively"
656,"protect the rights of migrant workers. The principle of non-refoulement must be strictly"
657,"respected."
658,"3. Consular assistance and protection"
659,"63. Under articles 16 (7) (b) and 23 of the Convention, migrant workers and members of"
660,"their families have the right to communicate with the consular or diplomatic authorities of"
661,"their home State or those of another State representing their interests. States of destination or"
662,"transit have an obligation under article 16 (7) to: (a) inform migrant workers of that right"
663,"without delay and of the rights derived from other relevant treaties, in a language and format"
664,"that they understand; (b) inform the consular or diplomatic authorities of the detention of a"
665,"migrant worker, upon his or her request; (c) facilitate communication between the migrantCMW/C/GC/5"
666,"14"
667,"worker and those authorities; and (d) communicate and meet with the legal representatives"
668,"of those authorities and make arrangements with them for the migrant worker’s legal"
669,"representation."
670,"64. The Committee is aware of the particular situation of refugees or asylum-seekers who"
671,"fear or have been subjected to persecution, or who have other reasons to avoid contact with"
672,"the consular authorities of their State of origin or residence. In such cases, the State under"
673,"whose jurisdiction the person is living must respect the migrant’s decision not to exercise his"
674,"or her right to consular assistance and protection if the person wishes to apply for asylum."
675,"States should also be aware that stateless persons find themselves in a vulnerable situation,"
676,"given that consular assistance and protection are unavailable due to their status."
677,"65. The Committee emphasizes that the right to consular assistance and protection is"
678,"essential for enforcing access to justice for migrant workers and is particularly pressing when"
679,"it comes to persons deprived of their liberty, regardless of whether they are detained on"
680,"criminal or immigration-related grounds. The Committee therefore considers that States of"
681,"origin should ensure access to effective consular assistance and protection, including by"
682,"providing sufficient human, technical and financial resources."
683,"4. Free legal and interpretation assistance"
684,"66. In the context of immigration detention, migrant workers and members of their"
685,"families have the right to legal advice and legal representation, provided by the State free of"
686,"charge for persons who cannot afford it, making the rights to due process and access to justice"
687,"truly operational. States should make qualified interpreters available to migrant workers who"
688,"cannot understand or speak the language used during the proceedings. Even for migrant"
689,"workers who understand the language of the country in which they currently reside, it is"
690,"important that they are provided with an interpreter and that the information is provided in"
691,"understandable terms and formats free of technicalities and adapted to their age, ethnic and"
692,"cultural background and any other circumstance that may affect their level of understanding."
693,"67. The Committee recognizes the fundamental work of non-governmental organizations,"
694,"university legal clinics and pro bono lawyers, among others, in the legal representation of"
695,"migrants. However, the Committee recalls that their efforts do not relieve States from their"
696,"responsibility to provide migrants with free legal assistance and representation. Moreover,"
697,"States should always allow non-governmental organizations, university legal clinics and pro"
698,"bono lawyers to carry out their work unhindered."
699,"5. Right to be notified of the decision on immigration proceedings"
700,"68. The Committee recognizes that, in order to gain full access to justice, migrants must"
701,"obtain a well-founded and reasoned decision on their immigration or international protection"
702,"proceedings so that they can appeal that decision, if necessary, and defend their rights"
703,"adequately. Notification of that decision must be made in a personal and written manner to"
704,"the migrant and, where appropriate, to his or her legal representatives, allowing sufficient"
705,"time for appeal."
706,"E. Prohibition of torture and cruel, inhuman or degrading treatment or"
707,"punishment"
708,"69. The Committee has received information about various acts of violence, in particular"
709,"sexual violence, child and forced labour and trafficking for the purpose of sexual exploitation,"
710,"perpetrated against migrants who have been deprived of their liberty. Women, children,"
711,"persons with disabilities and lesbian, gay, bisexual, transgender and intersex persons are"
712,"highly vulnerable to abuse in immigration detention centres. In some cases, the abuse"
713,"amounts to torture. The Committee notes that migrants are at an increased risk of human"
714,"rights violations while in detention, and States have an obligation to prevent, investigate,"
715,"prosecute and punish any acts of torture, cruel, inhuman or degrading treatment or"
716,"punishment or other human rights violations by detention facility personnel, detainees or any"
717,"other person.CMW/C/GC/5"
718,"15"
719,"70. Information received by the Committee also indicates that some States place migrants"
720,"in solitary confinement. That practice has severely negative health effects and, in some cases,"
721,"has led to suicide or irreparable psychological damage. The Committee recalls that solitary"
722,"confinement is not appropriate to manage or ensure the protection of migrants, asylum-"
723,"seekers, refugees, persons in need of complementary or subsidiary protection, stateless"
724,"persons, victims of trauma, torture or cruel, inhuman or degrading treatment or persons with"
725,"disabilities. The Committee agrees with the Human Rights Committee and the Special"
726,"Rapporteur on torture and other cruel, inhuman or degrading treatment or punishment, that"
727,"prolonged solitary confinement constitutes an act of torture.11"
728,"71. The Committee has received reports of migrants who have been returned to detention"
729,"centres where they were at risk of torture or cruel, inhuman or degrading treatment. The"
730,"Committee has maintained that the principle of non-refoulement, the prohibition of the"
731,"transfer of persons by force, in any form, to countries where they may become victims of"
732,"persecution or serious human rights violations, includes the prohibition of the return of"
733,"persons to locations where they are subjected to inhuman and degrading conditions of"
734,"detention, the absence of necessary medical treatment, especially during a pandemic or any"
735,"other serious public emergency, or threats to the enjoyment of the rights to life and to health"
736,"(articles 9–10 and 28 of the Convention). Furthermore, the Committee recalls that the"
737,"rejection and return at national borders of persons who might require international protection,"
738,"without analysing individual rights and claims to protection, is in violation of the prohibition"
739,"of collective expulsion and the principle of non-refoulement."
740,"F. Prohibition of slavery, servitude and forced or compulsory labour"
741,"72. Article 11 of the Convention requires all States parties to take effective measures"
742,"against all forms of forced or compulsory labour imposed on migrant workers. The"
743,"Committee expresses its concern about the presence of human trafficking networks within"
744,"immigration detention centres. The Committee has also received reports of detained migrants"
745,"who have been subjected, under threat of punishment, to prolonged forced and/or underpaid"
746,"or unpaid labour."
747,"73. The Committee highlights that the prohibition of slavery, servitude, forced or"
748,"compulsory labour and trafficking in persons is absolute under international law and is a"
749,"norm of jus cogens. States have an obligation to ensure that migrants who are deprived of"
750,"their liberty are protected from all forms of slavery, servitude, forced or compulsory labour"
751,"and trafficking. States should establish mechanisms to identify victims of trafficking and"
752,"abuse by traffickers and should provide victims with protection and assistance. Furthermore,"
753,"States should conduct prompt, effective and impartial investigations into all cases of"
754,"trafficking and abuse by traffickers and prosecute and punish the perpetrators of such acts"
755,"and their accomplices, including in the case of public officials. The obligation to investigate,"
756,"prosecute and punish any act of international human trafficking requires judicial cooperation"
757,"from all States involved."
758,"G. Right to privacy and family life"
759,"74. Migrant workers and members of their families have the right to privacy and to family"
760,"life without interference. Those rights are closely linked to the principle of non-detention of"
761,"children and the principle of the best interests of the child being taken as a primary"
762,"consideration. The Committee considers that it is the right of migrant children with families"
763,"not to be deprived of their liberty and that such children and families should be granted"
764,"measures for their care and reception."
765,"11 Human Rights Committee, general comment No. 20 (1992) on the prohibition of torture or other"
766,"cruel, inhuman or degrading treatment or punishment, para. 6; and A/66/268, para. 76.CMW/C/GC/5"
767,"16"
768,"H. Right to health"
769,"75. Information received by the Committee indicates that migrants who are deprived of"
770,"their liberty often face serious difficulties in gaining access to health services and medical"
771,"care in detention centres. Reproductive health care for women held in detention, in particular"
772,"pregnant women, is reportedly often inadequate."
773,"76. States should ensure that detained migrants have access to physical and mental health"
774,"services, including sexual and reproductive health services and psychological care. In the"
775,"absence of adequate conditions in detention centres, detained migrants in need of medical"
776,"care should be transferred to adequate facilities. Moreover, taking into account the"
777,"psychological and physical effects of detention on migrants, States should assess detained"
778,"migrants’ physical and mental health on a regular basis. States should take all measures"
779,"necessary to ensure that all migrant workers and members of their families who are deprived"
780,"of their liberty, regardless of their migration status, enjoy, both in law and in practice, access"
781,"to health services under the same conditions as nationals of the State party.12"
782,"77. In a context such as the COVID-19 pandemic, the Committee agrees with the"
783,"Subcommittee on Prevention of Torture and Other Cruel, Inhuman or Degrading Treatment"
784,"or Punishment13 and the Committee on the Elimination of Racial Discrimination14 that States"
785,"should take the precautionary measures necessary to prevent the spread of the virus and"
786,"implement emergency measures to ensure that detained migrants have access to appropriate"
787,"levels of medical and preventive care and maintain contact with their families and the outside"
788,"world. The Committee recalls its guidance note on the impact of the COVID-19 pandemic"
789,"on the human rights of migrants, issued jointly with the Special Rapporteur on the human"
790,"rights of migrants, and the guidance note on equitable access to COVID-19 vaccines for all"
791,"migrants, issued jointly with several special procedure and other human rights-related"
792,"mandate holders. The Committee urges States to fully implement the recommendations"
793,"therein, paying special attention to integrating migrant workers into national COVID-19"
794,"prevention and response plans and policies, ensuring that they take into account the gender,"
795,"age and diversity of migrants and that they respect the right to health, including by ensuring"
796,"that the provision of tests, essential medicines, prevention measures, treatment and vaccines"
797,"are provided in a non-discriminatory manner, and to provide equitable access to COVID-19"
798,"vaccination for all migrants on a non-discriminatory basis, regardless of their nationality,"
799,"migration status or situation of statelessness."
800,"I. Right to property and obligation to protect identity and personal"
801,"documents"
802,"78. Migrant workers and members of their families have the right not to be arbitrarily"
803,"deprived of their property. In that regard, State authorities are obliged to protect the identity"
804,"and personal documents of migrant workers and members of their families. Nevertheless, it"
805,"is common practice for State authorities to retain people’s belongings during immigration"
806,"detention, including cellular telephones, cash, bank cards and identity and personal"
807,"documents. In some cases, the property is never returned to the owner."
808,"79. The Committee considers that, while States have a legitimate interest in, and legal and"
809,"ethical responsibilities for, ensuring the safety of migrant workers and members of their"
810,"families in detention and may take measures to that end, such as temporarily withholding the"
811,"belongings of detainees, it is not within the interest of migrants to have their belongings"
812,"withheld for longer than the detention period. States should therefore set clear criteria and"
813,"establish an inventory of retained belongings. It is also necessary to ensure that migrants have"
814,"access to their belongings whenever necessary, that indispensable belongings are not"
815,"withheld and that belongings that are withheld do not include essential items, such as"
816,"12 Committee’s general comment No. 2 (2013) on the rights of migrant workers in an irregular situation"
817,"and members of their families, para. 72."
818,"13 See CAT/OP/10."
819,"14 CERD/C/GRC/CO/20-22, para. 23; CERD/C/ESP/CO/21-23, para. 22; and CERD/C/NOR/CO/21-22,"
820,"para. 36.CMW/C/GC/5"
821,"17"
822,"medicines, devices needed by persons with complex communication or mobility"
823,"requirements, the telephone numbers of close relations and identity documents. For all other"
824,"belongings, custody must be supervised, and it must be ensured that those belongings are"
825,"returned to the migrant at the end of detention. Migrants should be provided with a receipt or"
826,"similar document with an inventory of retained belongings and the rationale for their"
827,"retention."
828,"80. The Committee recalls that the right to identity, including the right to a name, birth"
829,"registration and a nationality, is central to the enjoyment of all other rights recognized in the"
830,"Convention and other international treaties. Withholding migrants’ identity documents is"
831,"never appropriate; it violates the right not only to property, but also to identity, and leaves"
832,"migrant workers and members of their families more vulnerable to violations of their other"
833,"rights. The Committee also recalls that each child of a migrant worker has the right to birth"
834,"registration and nationality, pursuant to article 29 of the Convention."
835,"J. Conditions of detention"
836,"81. The Committee considers that poor conditions of detention may constitute torture or"
837,"cruel, inhuman or degrading treatment and may increase the risk of violations of other rights,"
838,"including the right to health, food, adequate housing, safe water and sanitation. In addition,"
839,"torture or cruel, inhuman or degrading treatment may occur if inadequate detention"
840,"conditions are intentionally imposed, encouraged or tolerated by the State on the basis of"
841,"discrimination of any kind, including migration status, or in order to deter migrant workers"
842,"and members of their families from continuing their immigration or international protection"
843,"proceedings, or to intimidate or punish them for doing so."
844,"82. Immigration detention facilities must therefore meet the highest standards to ensure"
845,"the dignity and well-being of detainees. The Committee stresses that detention should never"
846,"take place in facilities with punitive characteristics. Any detention of migrants must take"
847,"place in appropriate, sanitary, non-punitive facilities and should not take place in prisons.15"
848,"83. In order to guarantee that immigration detention takes place in non-punitive facilities,"
849,"States must ensure, among other things, that: (a) migrant workers are not detained with"
850,"persons prosecuted for or convicted of crimes; (b) men and women remain separated, taking"
851,"into consideration the particular needs of lesbian, gay, bisexual, transgender and intersex"
852,"persons; (c) sufficient space is provided and overcrowding is avoided at all costs; (d) facilities"
853,"have open spaces for coexistence and recreation; (e) adequate cleaning and lighting is"
854,"provided; and (f) other measures are taken that enable detainees to have an adequate standard"
855,"of living, which includes appropriate clothing and bedding, heating, sufficient food in line"
856,"with the physical and health conditions of the migrants and their religious beliefs, and access"
857,"to safe water and sanitation and to health care, including health-care professionals,"
858,"independent from detaining authorities. In addition to physical conditions, States should"
859,"ensure that there are sufficient staff, both men and women, who must receive adequate"
860,"training in human rights and gender sensitivity and who must be qualified to work with"
861,"groups of persons who are in vulnerable situations."
862,"K. Monitoring human rights in places of detention"
863,"84. It is essential that States effectively and credibly monitor the conditions in"
864,"immigration detention centres, including privately run immigration detention facilities. States"
865,"are obliged to take the legislative and other measures necessary to ensure the constant"
866,"monitoring of detention centres, with no restricted areas. The Committee stresses that the"
867,"authority responsible for monitoring places of detention must be independent and impartial."
868,"It is not permissible for the same authority responsible for implementing the immigration"
869,"policy or in charge of detention centres to carry out that task. It is necessary to strengthen, on"
870,"the basis of various cooperation strategies, including by the institutions involved, the system"
871,"15 Human Rights Committee, general comment No. 35 (2014) on liberty and security of person, para."
872,"18.CMW/C/GC/5"
873,"18"
874,"of mental health management available to migrants, in order to avoid behaviours that could"
875,"endanger their integrity or their lives, and, when necessary, to provide them with the"
876,"appropriate treatment to respond to the traumatic situation that they may be experiencing,"
877,"ensuring that staff in contact with them have the ability to warn them of such situations and"
878,"to maintain the appropriate level of emotional stability themselves."
879,"85. Even if there is an authority or body responsible for the supervision of places of"
880,"detention, the participation of national human rights institutions and civil society"
881,"organizations, which do not replace the obligations of States, is essential and relevant for the"
882,"defence of the rights of migrant workers and members of their families. The Committee"
883,"recalls that national human rights institutions play a crucial role in promoting and monitoring"
884,"the effective implementation of international human rights standards at the national level,"
885,"therefore, their work must be fully guaranteed. States should authorize access to detention"
886,"facilities, including privately run immigration detention facilities, for national human rights"
887,"institutions, civil society organizations, academia and international and regional bodies, such"
888,"as the Subcommittee on Prevention of Torture and Other Cruel, Inhuman or Degrading"
889,"Treatment or Punishment, the Office of the United Nations High Commissioner for Human"
890,"Rights, the Office of the United Nations High Commissioner for Refugees, the United"
891,"Nations Children’s Fund and the International Committee of the Red Cross, to ensure"
892,"independent and autonomous monitoring. Information and documentation relating to the"
893,"facility and persons held there, and the possibility of conducting private and confidential"
894,"interviews with detainees and staff, must be available for independent monitoring entities."
895,"86. To enable independent monitoring of immigration detention facilities, States should"
896,"take measures to allow monitoring entities, among other things, to: (a) visit any place where"
897,"immigration detention might occur and to do so unannounced; (b) choose the places that they"
898,"want to visit and the persons whom they want to interview; (c) obtain any information that"
899,"they need, including requesting reports before, during and after their monitoring visits and"
900,"receiving a prompt response to such requests; (d) make public the results of their inspections"
901,"and recommendations, while preventing the disclosure of information that might put a"
902,"migrant at risk; and (e) ensure that migrants or staff who are interviewed by the monitoring"
903,"entities are not subjected to reprisals."
904,"87. The Committee recalls that the objective of the Optional Protocol to the Convention"
905,"against Torture and Other Cruel, Inhuman or Degrading Treatment or Punishment, as"
906,"provided for in the preamble and article 1 thereof, is to establish a system of regular visits"
907,"undertaken by independent international and national bodies to places where persons are"
908,"deprived of their liberty, in order to prevent torture and other cruel, inhuman or degrading"
909,"treatment or punishment, which is a non-derogable obligation under international law. States"
910,"parties to the Optional Protocol should ensure that detention facilities are monitored by such"
911,"bodies, in particular by their national mechanisms for the prevention of torture."
912,"88. In the context of public emergencies, such as the COVID-19 pandemic, States should"
913,"take steps to ensure that monitoring is carried out in such a way that allows for international"
914,"and national bodies to carry out their mandate in detention facilities in line with the principle"
915,"to do no harm, minimizing the need for physical contact, but offering opportunities for"
916,"preventive involvement."
917,"VI. Supervision and accountability"
918,"89. States should establish independent monitoring and accountability mechanisms in"
919,"immigration detention centres and generate systematic reporting mechanisms. That can be"
920,"achieved through cooperation between detention authorities and other stakeholders, such as"
921,"national human rights institutions, parliamentarians, civil society, academia and international"
922,"organizations. States should also provide support to all interested parties that file complaints"
923,"on behalf of victims of crime, abuse or human rights violations in immigration detention"
924,"centres. Furthermore, States should establish official mechanisms and procedures to provide"
925,"effective remedies for human rights violations perpetrated in detention centres, provide"
926,"comprehensive redress to victims and hold State and private authorities accountable for such"
927,"violations.CMW/C/GC/5"
928,"19"
929,"VII. Access to information and data collection and indicators"
930,"90. The Committee notes that States do not usually provide accessible public information"
931,"or disaggregated data on the number, age, gender and nationality of migrants detained or on"
932,"the conditions of their detention. The Committee recommends that States adopt mechanisms"
933,"to allow access to public information on the rights and conditions of migrant workers"
934,"deprived of their liberty. The Committee also recommends that States collect and process"
935,"such information for the development of evidence-based public policies. States should"
936,"implement information systems to establish whether and where a migrant is detained, which"
937,"is also conducive to strengthened efforts to search for missing migrants. Such systems should"
938,"safeguard the rights to privacy and data protection that protect asylum-seekers, refugees,"
939,"stateless persons and members of other groups in vulnerable situations in need of additional"
940,"protection, and the principle of confidentiality in the field of data protection."
941,"VIII. Dissemination and use of the present general comment"
942,"and reporting"
943,"91. States parties should broadly disseminate the present general comment to all"
944,"stakeholders, including State authorities, national human rights institutions, the private sector,"
945,"including private detention facilities, civil society, the media and all migrants, regardless of"
946,"their status."
947,"92. The relevant parts of the present general comment should be incorporated into the"
948,"official pre-employment training and other official training of all employees, in particular"
949,"technical staff, and of the authorities and staff responsible for the administration of"
950,"immigration detention and law enforcement."
951,"93. States parties should include in their reports submitted under article 73 of the"
952,"Convention information on the measures taken in the implementation of the present general"
953,"comment and the results achieved."
954,"IX. Ratification or accession and reservations to the Convention"
955,"94. The Committee encourages States that have not yet done so to ratify or accede to the"
956,"Convention, including the formulation of binding declarations under articles 76 and 77."
957,"95. States parties are encouraged to review, amend or withdraw reservations made during"
958,"ratification or accession, with a view to ensuring that migrant workers and members of their"
959,"families who are deprived of their liberty fully enjoy their rights under the Convention."
